"GB,Aldershot"
"GB,Aldridge-Brownhills"
"GB,Altrincham and Sale West"
"GB,Amber Valley"
"GB,Arundel and South Downs"
"GB,Ashfield"
"GB,Ashford"
"GB,Ashton-under-Lyne"
"GB,Aylesbury"
"GB,Banbury"
"GB,Barking"
"GB,Barnsley Central"
"GB,Barnsley East"
"GB,Barrow and Furness"
"GB,Basildon and Billericay"
"GB,Basingstoke"
"GB,Bassetlaw"
"GB,Bath"
"GB,Batley and Spen"
"GB,Battersea"
"GB,Beaconsfield"
"GB,Beckenham"
"GB,Bedford"
"GB,Bermondsey and Old Southwark"
"GB,Berwickshire Roxburgh and Selkirk"
"GB,Bethnal Green and Bow"
"GB,Beverley and Holderness"
"GB,Bexhill and Battle"
"GB,Bexleyheath and Crayford"
"GB,Birmingham Edgbaston"
"GB,Birmingham Erdington"
"GB,Birmingham Hall Green"
"GB,Birmingham Hodge Hill"
"GB,Birmingham Ladywood"
"GB,Birmingham Northfield"
"GB,Birmingham Perry Barr"
"GB,Birmingham Selly Oak"
"GB,Birmingham Yardley"
"GB,Bishop Auckland"
"GB,Blackburn"
"GB,Blackpool North and Cleveleys"
"GB,Blackpool South"
"GB,Bolton North East"
"GB,Bolton South East"
"GB,Bolton West"
"GB,Bootle"
"GB,Boston and Skegness"
"GB,Bosworth"
"GB,Bournemouth East"
"GB,Bournemouth West"
"GB,Bracknell"
"GB,Bradford East"
"GB,Bradford South"
"GB,Bradford West"
"GB,Braintree"
"GB,Brent Central"
"GB,Brent North"
"GB,Brentford and Isleworth"
"GB,Brentwood and Ongar"
"GB,Bridgwater and West Somerset"
"GB,Brigg and Goole"
"GB,Brighton Kemptown"
"GB,Brighton Pavilion"
"GB,Bristol East"
"GB,Bristol North West"
"GB,Bristol South"
"GB,Bristol West"
"GB,Broadland"
"GB,Bromley and Chislehurst"
"GB,Bromsgrove"
"GB,Broxbourne"
"GB,Broxstowe"
"GB,Buckingham"
"GB,Burnley"
"GB,Burton"
"GB,Bury North"
"GB,Bury South"
"GB,Bury St Edmunds"
"GB,Calder Valley"
"GB,Camberwell and Peckham"
"GB,Cambridge"
"GB,Cannock Chase"
"GB,Canterbury"
"GB,Carlisle"
"GB,Carshalton and Wallington"
"GB,Castle Point"
"GB,Central Devon"
"GB,Central Suffolk and North Ipswich"
"GB,Charnwood"
"GB,Chatham and Aylesford"
"GB,Cheadle"
"GB,Chelmsford"
"GB,Chelsea and Fulham"
"GB,Cheltenham"
"GB,Chesham and Amersham"
"GB,Chesterfield"
"GB,Chichester"
"GB,Chingford and Woodford Green"
"GB,Chippenham"
"GB,Chipping Barnet"
"GB,Chorley"
"GB,Christchurch"
"GB,Cities of London and Westminster"
"GB,City of Chester"
"GB,City of Durham"
"GB,Clacton"
"GB,Colchester"
"GB,Colne Valley"
"GB,Congleton"
"GB,Co Durham"
"GB,Corby"
"GB,Coventry North East"
"GB,Coventry North West"
"GB,Coventry South"
"GB,Crawley"
"GB,Crewe and Nantwich"
"GB,Croydon Central"
"GB,Croydon North"
"GB,Croydon South"
"GB,Dagenham and Rainham"
"GB,Darlington"
"GB,Dartford"
"GB,Daventry"
"GB,Derby North"
"GB,Derby South"
"GB,Derbyshire Dales"
"GB,Devizes"
"GB,Dewsbury"
"GB,Doncaster Central"
"GB,Doncaster North"
"GB,Dorking and Horley"
"GB,Dover"
"GB,Dudley North"
"GB,Dudley South"
"GB,Dulwich and West Norwood"
"GB,Ealing Central and Acton"
"GB,Ealing North"
"GB,Ealing Southall"
"GB,Earley and Woodley"
"GB,Easington"
"GB,East Antrim"
"GB,East Devon"
"GB,East Ham"
"GB,East Hampshire"
"GB,East Surrey"
"GB,East Worthing and Shoreham"
"GB,East Yorkshire"
"GB,Eastbourne"
"GB,Eastleigh"
"GB,Eddisbury"
"GB,Edinburgh East"
"GB,Edinburgh North and Leith"
"GB,Edinburgh South"
"GB,Edinburgh South West"
"GB,Edinburgh West"
"GB,Elmet and Rothwell"
"GB,Eltham"
"GB,Enfield North"
"GB,Enfield Southgate"
"GB,Epping Forest"
"GB,Epsom and Ewell"
"GB,Erewash"
"GB,Erith and Thamesmead"
"GB,Esher and Walton"
"GB,Exeter"
"GB,Fareham"
"GB,Faversham and Mid Kent"
"GB,Feltham and Heston"
"GB,Filton and Bradley Stoke"
"GB,Finchley and Golders Green"
"GB,Folkestone and Hythe"
"GB,Forest of Dean"
"GB,Fylde"
"GB,Gainsborough"
"GB,Garston and Halewood"
"GB,Gateshead"
"GB,Gedling"
"GB,Gillingham and Rainham"
"GB,Glasgow Central"
"GB,Glasgow East"
"GB,Glasgow North"
"GB,Glasgow North East"
"GB,Glasgow North West"
"GB,Glasgow South"
"GB,Glasgow South West"
"GB,Glenrothes"
"GB,Gloucester"
"GB,Gosport"
"GB,Grantham and Stamford"
"GB,Gravesham"
"GB,Great Grimsby"
"GB,Great Yarmouth"
"GB,Greenwich and Woolwich"
"GB,Guildford"
"GB,Hackney North and Stoke Newington"
"GB,Hackney South and Shoreditch"
"GB,Halesowen and Rowley Regis"
"GB,Halifax"
"GB,Haltemprice and Howden"
"GB,Halton"
"GB,Hammersmith"
"GB,Hampstead and Kilburn"
"GB,Harborough"
"GB,Harlow"
"GB,Harrogate and Knaresborough"
"GB,Harrow East"
"GB,Harrow West"
"GB,Hartlepool"
"GB,Harwich and North Essex"
"GB,Hastings and Rye"
"GB,Havant"
"GB,Hayes and Harlington"
"GB,Hazel Grove"
"GB,Headington"
"GB,Healey"
"GB,Hemel Hempstead"
"GB,Hendon"
"GB,Henley"
"GB,Hereford and South Herefordshire"
"GB,Hertford and Stortford"
"GB,Hertsmere"
"GB,Hexham"
"GB,Heywood and Middleton"
"GB,High Peak"
"GB,Hitchin and Harpenden"
"GB,Holborn and St Pancras"
"GB,Hornchurch and Upminster"
"GB,Hornsey and Wood Green"
"GB,Horsham"
"GB,Houghton and Sunderland South"
"GB,Hove"
"GB,Huddersfield"
"GB,Huntingdon"
"GB,Hyndburn"
"GB,Ilford North"
"GB,Ilford South"
"GB,Inverclyde"
"GB,Ipswich"
"GB,Isle of Wight"
"GB,Islington North"
"GB,Islington South and Finsbury"
"GB,Jarrow"
"GB,Keighley"
"GB,Kendal and Westmorland"
"GB,Kenilworth and Southam"
"GB,Kensington"
"GB,Kettering"
"GB,Kilmarnock and Loudoun"
"GB,Kingston upon Hull East"
"GB,Kingston upon Hull North"
"GB,Kingston upon Hull West and Hessle"
"GB,Kingston and Surbiton"
"GB,Kingswood"
"GB,Kirkcaldy and Cowdenbeath"
"GB,Knowsley"
"GB,Lagan Valley"
"GB,Lancaster and Fleetwood"
"GB,Leeds Central"
"GB,Leeds East"
"GB,Leeds North East"
"GB,Leeds North West"
"GB,Leeds West"
"GB,Leicester East"
"GB,Leicester South"
"GB,Leicester West"
"GB,Leigh"
"GB,Lewisham East"
"GB,Lewisham West and Penge"
"GB,Lewisham Deptford"
"GB,Leyton and Wanstead"
"GB,Lichfield"
"GB,Lincoln"
"GB,Liverpool Riverside"
"GB,Liverpool Walton"
"GB,Liverpool Wavertree"
"GB,Liverpool West Derby"
"GB,Llanelli"
"GB,Loughborough"
"GB,Louth and Horncastle"
"GB,Ludlow"
"GB,Luton North"
"GB,Luton South"
"GB,Macclesfield"
"GB,Maidenhead"
"GB,Maidstone and The Weald"
"GB,Makerfield"
"GB,Maldon"
"GB,Manchester Central"
"GB,Manchester Gorton"
"GB,Manchester Withington"
"GB,Mansfield"
"GB,Meon Valley"
"GB,Meriden"
"GB,Middlesbrough"
"GB,Middlesbrough South and East Cleveland"
"GB,Mid Bedfordshire"
"GB,Mid Derbyshire"
"GB,Mid Dorset and North Poole"
"GB,Mid Norfolk"
"GB,Mid Sussex"
"GB,Mid Worcestershire"
"GB,Middlesbrough"
"GB,Newcastle upon Tyne Central"
"GB,Newcastle upon Tyne East"
"GB,Newcastle upon Tyne North"
"GB,Newport East"
"GB,Newport West"
"GB,Newry and Armagh"
"GB,Newton Abbot"
"GB,Normanton and Hemsworth"
"GB,Northampton North"
"GB,Northampton South"
"GB,Norwich North"
"GB,Norwich South"
"GB,Nottingham East"
"GB,Nottingham North"
"GB,Nottingham South"
"GB,Plymouth Moor View"
"GB,Plymouth Sutton and Devonport"
"GB,Pontypridd"
"GB,Poole"
"GB,Portsmouth North"
"GB,Portsmouth South"
"GB,Preston"
"GB,Pudsey"
"GB,Putney"
"GB,Rayleigh and Wickford"
"GB,Reading East"
"GB,Reading West"
"GB,Redcar"
"GB,Redditch"
"GB,Reigate"
"GB,Ribble Valley"
"GB,Richmond Park"
"GB,Rochdale"
"GB,Rochester and Strood"
"GB,Rochford and Southend East"
"GB,Romford"
"GB,Rossendale and Darwen"
"GB,Rother Valley"
"GB,Rotherham"
"GB,Rugby"
"GB,Ruislip, Northwood and Pinner"
"GB,Runnymede and Weybridge"
"GB,Rushcliffe"
"GB,Rutherglen and Hamilton West"
"GB,Rutland and Melton"
"GB,Salford and Eccles"
"GB,Salisbury"
"GB,Scarborough and Whitby"
"GB,Scunthorpe"
"GB,Sedgefield"
"GB,Sefton Central"
"GB,Selby and Ainsty"
"GB,Sevenoaks"
"GB,Sheffield Central"
"GB,Sheffield South East"
"GB,Sheffield Brightside and Hillsborough"
"GB,Sheffield Hallam"
"GB,Sheffield Heeley"
"GB,Sherwood"
"GB,Shipley"
"GB,Shrewsbury and Atcham"
"GB,Sittingbourne and Sheppey"
"GB,Skipton and Ripon"
"GB,Sleaford and North Hykeham"
"GB,Slough"
"GB,Solihull"
"GB,Somerset North"
"GB,Somerton and Frome"
"GB,South Antrim"
"GB,South Basildon and East Thurrock"
"GB,South Cambridgeshire"
"GB,South Derbyshire"
"GB,South Dorset"
"GB,South East Cornwall"
"GB,South Holland and The Deepings"
"GB,South Leicestershire"
"GB,South Norfolk"
"GB,South Northamptonshire"
"GB,South Ribble"
"GB,South Shields"
"GB,South Staffordshire"
"GB,South Suffolk"
"GB,South West Bedfordshire"
"GB,South West Devon"
"GB,South West Hertfordshire"
"GB,South West Norfolk"
"GB,South West Surrey"
"GB,Southampton Itchen"
"GB,Southampton Test"
"GB,Southend West"
"GB,Southport"
"GB,Spelthorne"
"GB,St Albans"
"GB,St Austell and Newquay"
"GB,St Helens North"
"GB,St Helens South and Whiston"
"GB,St Ives"
"GB,Stafford"
"GB,Staffordshire Moorlands"
"GB,Stalybridge and Hyde"
"GB,Stevenage"
"GB,Stockport"
"GB,Stockton North"
"GB,Stockton South"
"GB,Stoke-on-Trent Central"
"GB,Stoke-on-Trent North"
"GB,Stoke-on-Trent South"
"GB,Stone"
"GB,Stourbridge"
"GB,Strangford"
"GB,Stratford-on-Avon"
"GB,Streatham"
"GB,Stretford and Urmston"
"GB,Stroud"
"GB,Suffolk Coastal"
"GB,Sunderland Central"
"GB,Surrey Heath"
"GB,Sutton and Cheam"
"GB,Sutton Coldfield"
"GB,Swansea East"
"GB,Swansea West"
"GB,Tamworth"
"GB,Tatton"
"GB,Taunton Deane"
"GB,Telford"
"GB,Tewkesbury"
"GB,The Cotswolds"
"GB,The Wrekin"
"GB,Thirsk and Malton"
"GB,Thornbury and Yate"
"GB,Thurrock"
"GB,Tiverton and Honiton"
"GB,Tonbridge and Malling"
"GB,Tooting"
"GB,Torbay"
"GB,Torridge and West Devon"
"GB,Totnes"
"GB,Tottenham"
"GB,Truro and Falmouth"
"GB,Tunbridge Wells"
"GB,Twyford"
"GB,Uxbridge and South Ruislip"
"GB,Vale of Glamorgan"
"GB,Vauxhall"
"GB,Wakefield"
"GB,Wallasey"
"GB,Walsall North"
"GB,Walsall South"
"GB,Walthamstow"
"GB,Wansbeck"
"GB,Wantage"
"GB,Warley"
"GB,Warrington North"
"GB,Warrington South"
"GB,Warwick and Leamington"
"GB,Washington and Sunderland West"
"GB,Watford"
"GB,Waveney"
"GB,Wealden"
"GB,Weaver Vale"
"GB,Wellingborough"
"GB,Wells"
"GB,Welwyn Hatfield"
"GB,Wentworth and Dearne"
"GB,West Aberdeenshire and Kincardine"
"GB,West Bromwich East"
"GB,West Bromwich West"
"GB,West Dorset"
"GB,West Ham"
"GB,West Lancashire"
"GB,West Suffolk"
"GB,West Worcestershire"
"GB,Westminster North"
"GB,Westmorland and Lonsdale"
"GB,Weston-super-Mare"
"GB,Wigan"
"GB,Wimbledon"
"GB,Winchester"
"GB,Windsor"
"GB,Wirral South"
"GB,Wirral West"
"GB,Witney"
"GB,Woking"
"GB,Wokingham"
"GB,Wolverhampton North East"
"GB,Wolverhampton South East"
"GB,Wolverhampton South West"
"GB,Worcester"
"GB,Workington"
"GB,Worsley and Eccles South"
"GB,Worthing West"
"GB,The Wrekin"
"GB,Wrexham"
"GB,Wycombe"
"GB,Wyre and Preston North"
"GB,Wyre Forest"
"GB,Wythenshawe and Sale East"
"GB,Yeovil"
"GB,York Central"
"GB,York Outer"
"US,Alabama District 1"
"US,Alabama District 2"
"US,Alabama District 3"
"US,Alabama District 4"
"US,Alabama District 5"
"US,Alabama District 6"
"US,Alabama District 7"
"US,Alaska At Large"
"US,Arizona District 1"
"US,Arizona District 2"
"US,Arizona District 3"
"US,Arizona District 4"
"US,Arizona District 5"
"US,Arizona District 6"
"US,Arizona District 7"
"US,Arizona District 8"
"US,Arizona District 9"
"US,Arkansas District 1"
"US,Arkansas District 2"
"US,Arkansas District 3"
"US,Arkansas District 4"
"US,California District 1"
"US,California District 2"
"US,California District 3"
"US,California District 4"
"US,California District 5"
"US,California District 6"
"US,California District 7"
"US,California District 8"
"US,California District 9"
"US,California District 10"
"US,California District 11"
"US,California District 12"
"US,California District 13"
"US,California District 14"
"US,California District 15"
"US,California District 16"
"US,California District 17"
"US,California District 18"
"US,California District 19"
"US,California District 20"
"US,California District 21"
"US,California District 22"
"US,California District 23"
"US,California District 24"
"US,California District 25"
"US,California District 26"
"US,California District 27"
"US,California District 28"
"US,California District 29"
"US,California District 30"
"US,California District 31"
"US,California District 32"
"US,California District 33"
"US,California District 34"
"US,California District 35"
"US,California District 36"
"US,California District 37"
"US,California District 38"
"US,California District 39"
"US,California District 40"
"US,California District 41"
"US,California District 42"
"US,California District 43"
"US,California District 44"
"US,California District 45"
"US,California District 46"
"US,California District 47"
"US,California District 48"
"US,California District 49"
"US,California District 50"
"US,California District 51"
"US,California District 52"
"US,Colorado District 1"
"US,Colorado District 2"
"US,Colorado District 3"
"US,Colorado District 4"
"US,Colorado District 5"
"US,Colorado District 6"
"US,Colorado District 7"
"US,Colorado District 8"
"US,Connecticut District 1"
"US,Connecticut District 2"
"US,Connecticut District 3"
"US,Connecticut District 4"
"US,Connecticut District 5"
"US,Delaware At Large"
"US,Florida District 1"
"US,Florida District 2"
"US,Florida District 3"
"US,Florida District 4"
"US,Florida District 5"
"US,Florida District 6"
"US,Florida District 7"
"US,Florida District 8"
"US,Florida District 9"
"US,Florida District 10"
"US,Florida District 11"
"US,Florida District 12"
"US,Florida District 13"
"US,Florida District 14"
"US,Florida District 15"
"US,Florida District 16"
"US,Florida District 17"
"US,Florida District 18"
"US,Florida District 19"
"US,Florida District 20"
"US,Florida District 21"
"US,Florida District 22"
"US,Florida District 23"
"US,Florida District 24"
"US,Florida District 25"
"US,Florida District 26"
"US,Florida District 27"
"US,Florida District 28"
"US,Georgia District 1"
"US,Georgia District 2"
"US,Georgia District 3"
"US,Georgia District 4"
"US,Georgia District 5"
"US,Georgia District 6"
"US,Georgia District 7"
"US,Georgia District 8"
"US,Georgia District 9"
"US,Georgia District 10"
"US,Georgia District 11"
"US,Georgia District 12"
"US,Georgia District 13"
"US,Georgia District 14"
"US,Hawaii District 1"
"US,Hawaii District 2"
"US,Idaho District 1"
"US,Idaho District 2"
"US,Illinois District 1"
"US,Illinois District 2"
"US,Illinois District 3"
"US,Illinois District 4"
"US,Illinois District 5"
"US,Illinois District 6"
"US,Illinois District 7"
"US,Illinois District 8"
"US,Illinois District 9"
"US,Illinois District 10"
"US,Illinois District 11"
"US,Illinois District 12"
"US,Illinois District 13"
"US,Illinois District 14"
"US,Illinois District 15"
"US,Illinois District 16"
"US,Illinois District 17"
"US,Indiana District 1"
"US,Indiana District 2"
"US,Indiana District 3"
"US,Indiana District 4"
"US,Indiana District 5"
"US,Indiana District 6"
"US,Indiana District 7"
"US,Indiana District 8"
"US,Indiana District 9"
"US,Iowa District 1"
"US,Iowa District 2"
"US,Iowa District 3"
"US,Iowa District 4"
"US,Kansas District 1"
"US,Kansas District 2"
"US,Kansas District 3"
"US,Kansas District 4"
"US,Kentucky District 1"
"US,Kentucky District 2"
"US,Kentucky District 3"
"US,Kentucky District 4"
"US,Kentucky District 5"
"US,Kentucky District 6"
"US,Louisiana District 1"
"US,Louisiana District 2"
"US,Louisiana District 3"
"US,Louisiana District 4"
"US,Louisiana District 5"
"US,Louisiana District 6"
"US,Maine District 1"
"US,Maine District 2"
"US,Maryland District 1"
"US,Maryland District 2"
"US,Maryland District 3"
"US,Maryland District 4"
"US,Maryland District 5"
"US,Maryland District 6"
"US,Maryland District 7"
"US,Maryland District 8"
"US,Massachusetts District 1"
"US,Massachusetts District 2"
"US,Massachusetts District 3"
"US,Massachusetts District 4"
"US,Massachusetts District 5"
"US,Massachusetts District 6"
"US,Massachusetts District 7"
"US,Massachusetts District 8"
"US,Massachusetts District 9"
"US,Michigan District 1"
"US,Michigan District 2"
"US,Michigan District 3"
"US,Michigan District 4"
"US,Michigan District 5"
"US,Michigan District 6"
"US,Michigan District 7"
"US,Michigan District 8"
"US,Michigan District 9"
"US,Michigan District 10"
"US,Michigan District 11"
"US,Michigan District 12"
"US,Michigan District 13"
"US,Minnesota District 1"
"US,Minnesota District 2"
"US,Minnesota District 3"
"US,Minnesota District 4"
"US,Minnesota District 5"
"US,Minnesota District 6"
"US,Minnesota District 7"
"US,Minnesota District 8"
"US,Mississippi District 1"
"US,Mississippi District 2"
"US,Mississippi District 3"
"US,Mississippi District 4"
"US,Missouri District 1"
"US,Missouri District 2"
"US,Missouri District 3"
"US,Missouri District 4"
"US,Missouri District 5"
"US,Missouri District 6"
"US,Missouri District 7"
"US,Missouri District 8"
"US,Montana District 1"
"US,Montana District 2"
"US,Nebraska District 1"
"US,Nebraska District 2"
"US,Nebraska District 3"
"US,Nevada District 1"
"US,Nevada District 2"
"US,Nevada District 3"
"US,Nevada District 4"
"US,New Hampshire District 1"
"US,New Hampshire District 2"
"US,New Jersey District 1"
"US,New Jersey District 2"
"US,New Jersey District 3"
"US,New Jersey District 4"
"US,New Jersey District 5"
"US,New Jersey District 6"
"US,New Jersey District 7"
"US,New Jersey District 8"
"US,New Jersey District 9"
"US,New Jersey District 10"
"US,New Jersey District 11"
"US,New Jersey District 12"
"US,New Mexico District 1"
"US,New Mexico District 2"
"US,New Mexico District 3"
"US,New York District 1"
"US,New York District 2"
"US,New York District 3"
"US,New York District 4"
"US,New York District 5"
"US,New York District 6"
"US,New York District 7"
"US,New York District 8"
"US,New York District 9"
"US,New York District 10"
"US,New York District 11"
"US,New York District 12"
"US,New York District 13"
"US,New York District 14"
"US,New York District 15"
"US,New York District 16"
"US,New York District 17"
"US,New York District 18"
"US,New York District 19"
"US,New York District 20"
"US,New York District 21"
"US,New York District 22"
"US,New York District 23"
"US,New York District 24"
"US,New York District 25"
"US,New York District 26"
"US,North Carolina District 1"
"US,North Carolina District 2"
"US,North Carolina District 3"
"US,North Carolina District 4"
"US,North Carolina District 5"
"US,North Carolina District 6"
"US,North Carolina District 7"
"US,North Carolina District 8"
"US,North Carolina District 9"
"US,North Carolina District 10"
"US,North Carolina District 11"
"US,North Carolina District 12"
"US,North Carolina District 13"
"US,North Carolina District 14"
"US,North Dakota At Large"
"US,Ohio District 1"
"US,Ohio District 2"
"US,Ohio District 3"
"US,Ohio District 4"
"US,Ohio District 5"
"US,Ohio District 6"
"US,Ohio District 7"
"US,Ohio District 8"
"US,Ohio District 9"
"US,Ohio District 10"
"US,Ohio District 11"
"US,Ohio District 12"
"US,Ohio District 13"
"US,Ohio District 14"
"US,Ohio District 15"
"US,Oklahoma District 1"
"US,Oklahoma District 2"
"US,Oklahoma District 3"
"US,Oklahoma District 4"
"US,Oklahoma District 5"
"US,Oregon District 1"
"US,Oregon District 2"
"US,Oregon District 3"
"US,Oregon District 4"
"US,Oregon District 5"
"US,Oregon District 6"
"US,Pennsylvania District 1"
"US,Pennsylvania District 2"
"US,Pennsylvania District 3"
"US,Pennsylvania District 4"
"US,Pennsylvania District 5"
"US,Pennsylvania District 6"
"US,Pennsylvania District 7"
"US,Pennsylvania District 8"
"US,Pennsylvania District 9"
"US,Pennsylvania District 10"
"US,Pennsylvania District 11"
"US,Pennsylvania District 12"
"US,Pennsylvania District 13"
"US,Pennsylvania District 14"
"US,Pennsylvania District 15"
"US,Pennsylvania District 16"
"US,Pennsylvania District 17"
"US,Rhode Island District 1"
"US,Rhode Island District 2"
"US,South Carolina District 1"
"US,South Carolina District 2"
"US,South Carolina District 3"
"US,South Carolina District 4"
"US,South Carolina District 5"
"US,South Carolina District 6"
"US,South Carolina District 7"
"US,South Dakota At Large"
"US,Tennessee District 1"
"US,Tennessee District 2"
"US,Tennessee District 3"
"US,Tennessee District 4"
"US,Tennessee District 5"
"US,Tennessee District 6"
"US,Tennessee District 7"
"US,Tennessee District 8"
"US,Tennessee District 9"
"US,Texas District 1"
"US,Texas District 2"
"US,Texas District 3"
"US,Texas District 4"
"US,Texas District 5"
"US,Texas District 6"
"US,Texas District 7"
"US,Texas District 8"
"US,Texas District 9"
"US,Texas District 10"
"US,Texas District 11"
"US,Texas District 12"
"US,Texas District 13"
"US,Texas District 14"
"US,Texas District 15"
"US,Texas District 16"
"US,Texas District 17"
"US,Texas District 18"
"US,Texas District 19"
"US,Texas District 20"
"US,Texas District 21"
"US,Texas District 22"
"US,Texas District 23"
"US,Texas District 24"
"US,Texas District 25"
"US,Texas District 26"
"US,Texas District 27"
"US,Texas District 28"
"US,Texas District 29"
"US,Texas District 30"
"US,Texas District 31"
"US,Texas District 32"
"US,Texas District 33"
"US,Texas District 34"
"US,Texas District 35"
"US,Texas District 36"
"US,Texas District 37"
"US,Texas District 38"
"US,Utah District 1"
"US,Utah District 2"
"US,Utah District 3"
"US,Utah District 4"
"US,Vermont At Large"
"US,Virginia District 1"
"US,Virginia District 2"
"US,Virginia District 3"
"US,Virginia District 4"
"US,Virginia District 5"
"US,Virginia District 6"
"US,Virginia District 7"
"US,Virginia District 8"
"US,Virginia District 9"
"US,Virginia District 10"
"US,Virginia District 11"
"US,Washington District 1"
"US,Washington District 2"
"US,Washington District 3"
"US,Washington District 4"
"US,Washington District 5"
"US,Washington District 6"
"US,Washington District 7"
"US,Washington District 8"
"US,Washington District 9"
"US,Washington District 10"
"US,West Virginia District 1"
"US,West Virginia District 2"
"US,Wisconsin District 1"
"US,Wisconsin District 2"
"US,Wisconsin District 3"
"US,Wisconsin District 4"
"US,Wisconsin District 5"
"US,Wisconsin District 6"
"US,Wisconsin District 7"
"US,Wisconsin District 8"
"US,Wyoming At Large"
"GH,Abirem"
"GH,Abla"
"GH,Abokobi-Madina"
"GH,Abura-Asebu-Kwamankese"
"GH,Accra Central"
"GH,Accra East"
"GH,Accra North"
"GH,Accra West"
"GH,Adansi East"
"GH,Adansi West"
"GH,Adenta"
"GH,Afigya Sekyere East"
"GH,Afigya Sekyere West"
"GH,Agona East"
"GH,Agona West"
"GH,Ahafo Ano North"
"GH,Ahafo Ano South"
"GH,Ahanta West"
"GH,Ajumako-Enyan-Essiam"
"GH,Akatsi"
"GH,Akatsi South"
"GH,Akim Oda"
"GH,Akim Swedru"
"GH,Akropong"
"GH,Akwapim North"
"GH,Akwapim South"
"GH,Akyemansa"
"GH,Amansie Central"
"GH,Amansie West"
"GH,Ambassina"
"GH,Anlo"
"GH,Asante Akim North"
"GH,Asante Akim South"
"GH,Asawase"
"GH,Asikuma-Odoben-Brakwa"
"GH,Asokwa"
"GH,Asuogyaman"
"GH,Atiwa"
"GH,Atwima Kwanwoma"
"GH,Atwima Mponua"
"GH,Atwima Nwabiagya North"
"GH,Atwima Nwabiagya South"
"GH,Avenor"
"GH,Avatime"
"GH,Awutu Senya"
"GH,Ayawaso Central"
"GH,Ayawaso East"
"GH,Ayawaso North"
"GH,Ayawaso West"
"GH,Banda"
"GH,Bantama"
"GH,Berekum East"
"GH,Berekum West"
"GH,Bia East"
"GH,Bia West"
"GH,Bibiani-Anhwiaso-Bekwai"
"GH,Birim Central"
"GH,Birim North"
"GH,Birim South"
"GH,Bole"
"GH,Bolga East"
"GH,Bolga North"
"GH,Bolga South"
"GH,Bono East"
"GH,Bosomtwe"
"GH,Builsa North"
"GH,Builsa South"
"GH,Bunkpurugu"
"GH,Cape Coast North"
"GH,Cape Coast South"
"GH,Chiana-Paga"
"GH,Chereponi"
"GH,Chorkor"
"GH,Dade Kotopon"
"GH,Daffiama-Bussie-Issa"
"GH,Denkyira"
"GH,Dormaa Central"
"GH,Dormaa East"
"GH,Dormaa West"
"GH,Drobo"
"GH,Ebenezer"
"GH,Efigya"
"GH,Efutu"
"GH,Ejisu"
"GH,Ejura-Sekyedumase"
"GH,Ellembelle"
"GH,Essikado-Ketan"
"GH,Fanteakwa North"
"GH,Fanteakwa South"
"GH,Garu"
"GH,Gomoa Central"
"GH,Gomoa East"
"GH,Gomoa West"
"GH,Gushegu"
"GH,Hohoe"
"GH,Jaman North"
"GH,Jaman South"
"GH,Jomoro"
"GH,Juabeng"
"GH,Kaafo"
"GH,Kade"
"GH,Kalpohin"
"GH,Karaga"
"GH,Kasena-Nankana East"
"GH,Kasena-Nankana West"
"GH,Keta"
"GH,Ketu North"
"GH,Ketu South"
"GH,Kintampo North"
"GH,Kintampo South"
"GH,Kpone-Katamanso"
"GH,Kpulun"
"GH,Krachi East"
"GH,Krachi Nchumuru"
"GH,Krachi West"
"GH,Krowor"
"GH,Kumbungu"
"GH,Kwabre East"
"GH,Kwabre West"
"GH,La Dadekotopon"
"GH,La Nkwantanang-Madina"
"GH,Lambussie"
"GH,Ledzokuku"
"GH,Liberty"
"GH,Lower Manya"
"GH,Lower West Akim"
"GH,Makokor"
"GH,Manhyia North"
"GH,Manhyia South"
"GH,Manso"
"GH,Manso Adubia"
"GH,Manso Nkwanta"
"GH,Manya Krobo"
"GH,Mfantseman"
"GH,Mion"
"GH,Mpohor"
"GH,Nadowli-Kaleo"
"GH,Nalerigu"
"GH,Nanumba North"
"GH,Nanumba South"
"GH,Nawalugru"
"GH,Nazir"
"GH,Ndow"
"GH,Ningo-Prampram"
"GH,Nkwanta North"
"GH,Nkwanta South"
"GH,Nkwerem"
"GH,Nzema East"
"GH,Obokwa"
"GH,Obuasi East"
"GH,Obuasi West"
"GH,Odododiodioo"
"GH,Oforikrom"
"GH,Okaikwei Central"
"GH,Okaikwei North"
"GH,Okaikwei South"
"GH,Okere"
"GH,Osu Klottey"
"GH,Oti East"
"GH,Oti South"
"GH,Owabi"
"GH,Prampram"
"GH,Pru East"
"GH,Pru West"
"GH,Rankin"
"GH,Saboba"
"GH,Sagnarigu"
"GH,Sagnarigu East"
"GH,Sagnarigu West"
"GH,Salaga"
"GH,Savelugu"
"GH,Sefwi Akontombra"
"GH,Sefwi Wiawso"
"GH,Sekondi"
"GH,Sele"
"GH,Shai-Osudoku"
"GH,Sissala East"
"GH,Sissala West"
"GH,Suame"
"GH,Subin"
"GH,Suhum"
"GH,Taabua"
"GH,Tafo"
"GH,Tain"
"GH,Takoradi"
"GH,Tamale Central"
"GH,Tamale North"
"GH,Tamale South"
"GH,Tano North"
"GH,Tano South"
"GH,Tarkwa-Nsuaem"
"GH,Tatale"
"GH,Techiman North"
"GH,Techiman South"
"GH,Tema Central"
"GH,Tema East"
"GH,Tema West"
"GH,Tolon"
"GH,Tuabodom"
"GH,Twifo-Atii-Morkwaa"
"GH,Upper Denkyira East"
"GH,Upper Denkyira West"
"GH,Upper Manya"
"GH,Upper West Akim"
"GH,Wa Central"
"GH,Wa East"
"GH,Wa West"
"GH,Walewale"
"GH,Weija"
"GH,West Akim"
"GH,Wulensi"
"GH,Yagba"
"GH,Yapei-Kusawgu"
"GH,Yendi"
"GH,Yilo Krobo"
"GH,Zabzugu"
